<?xml version="1.0" encoding="UTF-8" standalone="yes"?>
<addon id="plugin.video.firstrowsports"
       name="First Row Sports"
       version="0.0.2"
       provider-name="Eldorado">
  <requires>
    <import addon="xbmc.python" version="1.0"/>
  </requires>
  <extension point="xbmc.python.pluginsource"
            library="default.py">
        <provides>video</provides>
  </extension>
  <extension point="xbmc.addon.metadata">
    <summary lang="en"></summary>
    <description lang="en"></description>
    <platform>all</platform>
  </extension>
</addon>
