<addon id="repository.cyberxnuke" name="CYBERxNUKE Repository" version="1.2" provider-name="CYBERxNUKE">
<extension point="xbmc.addon.repository" name="CYBERxNUKE Addon Repository">
<info compressed="true">https://github.com/CYBERxNUKE/xbmc-addon/raw/master/addons.xml</info>
<checksum>https://github.com/CYBERxNUKE/xbmc-addon/raw/master/addons.xml</checksum>
<datadir zip="true">https://github.com/CYBERxNUKE/xbmc-addon/raw/master/</datadir>
		<dir>
			<info compressed="false">https://raw.githubusercontent.com/totalrevolution/python-koding/master/zips/addons.xml</info>
			<checksum>https://raw.githubusercontent.com/totalrevolution/python-koding/master/zips/addons.xml.md5</checksum>
			<datadir zip="true">https://raw.githubusercontent.com/totalrevolution/python-koding/master/zips/</datadir>
		</dir>	
		<dir>	
			<info compressed="false">https://raw.githubusercontent.com/covenantkodi/repository.colossus/master/addons.xml</info>
			<checksum>https://raw.githubusercontent.com/covenantkodi/repository.colossus/master/addons.xml.md5</checksum>
			<datadir zip="true">https://raw.githubusercontent.com/covenantkodi/repository.colossus/master/</datadir>
		</dir>
		<dir>
			<info compressed="false">https://github.com/tvaddonsco/tva-resolvers-repo/raw/master/addons.xml</info>
			<checksum>https://github.com/tvaddonsco/tva-resolvers-repo/raw/master/addons.xml.md5</checksum>
			<datadir zip="true">https://github.com/tvaddonsco/tva-resolvers-repo/raw/master/zips/</datadir>
		</dir>	
		<dir>
			<info compressed="false">https://raw.githubusercontent.com/XvBMC/repository.xvbmc/master/Dependencies/xvbmc-addons.xml</info>
			<checksum>https://raw.githubusercontent.com/XvBMC/repository.xvbmc/master/Dependencies/xvbmc-addons.xml.md5</checksum>
			<datadir zip="true">https://raw.githubusercontent.com/XvBMC/repository.xvbmc/master/Dependencies/zips/</datadir>
			<hashes>false</hashes>
		</dir>	
		<dir>
			<info compressed="false">https://raw.githubusercontent.com/jsergio123/zips/master/addons.xml</info>
			<checksum>https://raw.githubusercontent.com/jsergio123/zips/master/addons.xml.md5</checksum>
			<datadir zip="true">https://raw.githubusercontent.com/jsergio123/zips/master/</datadir>
		</dir>
		<dir>
			<info compressed="false">https://raw.githubusercontent.com/teamuniversal/scrapers/master/_modules4all/zips/addons.xml</info>
			<checksum>https://raw.githubusercontent.com/teamuniversal/scrapers/master/_modules4all/zips/addons.xml.md5</checksum>
			<datadir zip="true">https://raw.githubusercontent.com/teamuniversal/scrapers/master/_modules4all/zips/</datadir>
		</dir>	
		<dir>		
		<info compressed="false">http://91.134.207.154/~daffysli/addons.xml</info>
		<checksum>http://91.134.207.154/~daffysli/addons.xml.md5</checksum>
		<datadir zip="true">http://91.134.207.154/~daffysli/zips/</datadir>					
		</dir>	
	</extension>

<extension point="xbmc.addon.metadata">
<summary>CYBERxNUKE Repository</summary>
<description>CYBERxNUKE Repository</description>
<platform>all</platform>
</extension>
</addon>